{"Product_name" : "prod_name",
 "Package_name" : "package_name",
 "refrigerator" : 0,
 "confidence_interval" : "0.95",
 "Strength" : "100 mg",
 "batches" :[ 
     {
         "Time assay" : [0,7,12],
         "assay" : [104.8,116.7,97.2],
         
         "Time KF" : [0,7,12],
         "KF" : [5.38,5.24,4.78],

         "Time Total Imp" : [0,7,12],
         "Total Imp" : [2.76,4.61,5.47]
         
     }, 
     {
        "Time assay" : [0,7,12],
        "assay" : [100.8,112.9,96.4],
        
        "Time KF" : [0,7,12],
        "KF" : [5.69,5.36,4.92],

        "Time Total Imp" : [0,7,12],
        "Total Imp" : [2.9,5.35,5.35]
     }
 ], 
 "limit" : [["assay","Both",120,80],["KF","Upper",9,"NA"],["Total Imp","Upper",11.5,"NA"]]
}
