{"Product_name" : "prod_name",
 "Package_name" : "package_name",
 "refrigerator" : 0,
 "confidence_interval" : "0.95",
 "Strength" : "100 mg",
 "batches" :[ 
     {
         "Time assay 1" : [0,3,6,9,12,18,24,33],
         "assay 1" : [100.3,99.8,97.7,104.9,106.9,103.3,100.3,100.4],
         
         "Time assay 2" : [0,3,6,9,12,18,24,33],
         "assay 2" : [0.01,0.008,0.01,0.003,0.013,0.017,0.018,0.02],
         
         "Time assay 3" : [0,3,6,9,12,18,24,33],
         "assay 3" : [0.08,0.014,0.006,0.002,0.012,0.018,0.014,0.002],

         "Time assay 4" : [0,3,6,9,12,18,24,33],
         "assay 4" : [89,90,91,88,90,89,87,"NA"]
     }, 
     {
         "Time assay 1" : [0,3,6,9,12,18,24,33],
         "assay 1" : [98.1,96.8,95.5,97.4,99.2,99.1,100.2,99.4],
         
         "Time assay 2" : [0,3,6,9,12,18,24,33],
         "assay 2" : [0.01,0.009,0.012,0.003,0.014,0.02,0.02,0.02],
         
         "Time assay 3" : [0,3,6,9,12,18,24,33],
         "assay 3" : [0.013,0.015,0.018,0.002,0.013,0.025,0.022,0.002],

         "Time assay 4" : [0,3,6,9,12,18,24,33],
         "assay 4" : [93,96,95,94,96,95,91,"NA"]
     },
     {
         "Time assay 1" : [0,3,6,9,12,18,24,33],
         "assay 1" : [97.8,100.9,104.9,99.6,101.4,103.4,98.2,99.4],
         
         "Time assay 2" : [0,3,6,9,12,18,24,33],
         "assay 2" : [0.008,0.008,0.011,0.001,0.014,0.02,0.019,0.02],
         
         "Time assay 3" : [0,3,6,9,12,18,24,33],
         "assay 3" : [0.013,0.012,0.022,0.00005,0.015,0.014,0.013,0.02],

         "Time assay 4" : [0,3,6,9,12,18,24,33],
         "assay 4" : [95,97,97,96,91,97,94,"NA"]
     }
 ], 
 "limit" : [["assay 1","Both",110,95],["assay 2","Upper",0.05,"NA"],["assay 3","Upper",0.03,"NA"],["assay 4","Lower","NA",85]]
}